1/28/2016,
12:25 PM,
Sampling Frequency:,10Hz 
Group:,TA
Extensometer:,E85191
Sample:,T0 Aluminum
Sample width [inch]:,0.494
Sample thickness [inch]:,0.119
--------,--------
,
Extensometer,Load
[Inches],[Lbs]
0,-0.2
0.00001,-0.2
0.00001,-0.2
0,0.2
0.00001,0.1
-0.00001,0.4
-0.00001,-0.1
0.00001,-1.1
-0.00001,0.1
-0.00001,0.3
-0.00002,-0.2
-0.00001,-0.4
0,0.9
-0.00001,0
0.00002,0.1
0,0.2
-0.00001,0.2
0.00001,0.9
-0.00001,0.7
-0.00001,0.3
-0.00001,-0.6
0,0.2
0,-0.8
0.00001,-0.5
0,0.7
0.00001,0.5
0.00001,-0.5
0.00001,0.3
-0.00001,0.1
0,-0.3
0,-0.2
0,0
0,-0.2
0,0.1
-0.00001,-0.8
0,-0.3
0.00001,-0.2
-0.00002,0
0,-0.5
0.00001,-1.3
0,0
-0.00001,0.7
-0.00001,0.5
-0.00002,-0.5
-0.00001,0
0.00001,0.6
-0.00001,0
0,-0.2
-0.00001,0
-0.00001,-0.1
-0.00001,0.5
-0.00002,1.4
-0.00002,-0.3
0,-0.2
-0.00002,0
-0.00001,0
0,-0.3
-0.00001,-1.1
-0.00002,-0.1
-0.00001,-0.8
0,0.3
0,-0.2
0.00001,-1
0.00001,0
0,0.5
0.00001,-0.5
0,0
0,-0.6
-0.00001,-0.5
0,-0.6
0.00001,0.6
0.00001,-0.1
-0.00001,-0.5
-0.00001,0
-0.00002,-0.3
-0.00002,0.8
-0.00002,-1.5
0,-0.3
-0.00001,-0.1
0,-0.6
0,-0.4
0,1
0.00001,0.2
0.00001,0.7
-0.00001,1.3
0.00001,1.1
-0.00002,1.7
0,1.6
-0.00001,1
0,1.5
0,3.1
0,3.2
0,3.1
0,3.1
0,3.9
0.00002,4.4
0,4.1
0.00003,5.3
0.00001,5
0.00003,5.2
0.00003,6
0.00003,5.8
0.00002,6
0.00002,6.5
0.00004,7.2
0.00005,7.7
0.00005,7
0.00004,7.8
0.00004,8.8
0.00006,7.8
0.00005,9.6
0.00005,10.2
0.00003,10.5
0.00003,10.7
0.00005,10.1
0.00002,10.5
0.00003,10.4
0.00003,10.9
0.00005,11.1
0.00006,11.3
0.00004,11.9
0.00007,11.9
0.00007,10.9
0.00008,12.5
0.00009,13.1
0.00009,13.4
0.00009,13.8
0.0001,14.2
0.00008,15.2
0.00011,14.4
0.00011,15.6
0.00011,16.5
0.00011,16
0.00012,16.4
0.00011,16.7
0.00012,18.1
0.00014,18.7
0.00015,19.3
0.00014,18.8
0.00015,19.8
0.00014,20.5
0.00015,20.3
0.00014,21.3
0.00014,21.8
0.00015,21.8
0.00016,22.9
0.00016,23.4
0.00016,24
0.00015,24.5
0.00017,26
0.00017,26.1
0.00017,26.6
0.00019,27.5
0.00018,27.9
0.0002,29.1
0.00019,27.9
0.0002,29.7
0.0002,30.7
0.0002,30.6
0.0002,31.7
0.00019,33.6
0.00021,33.2
0.00022,33.1
0.00022,34.1
0.00022,35.4
0.0002,35.6
0.00021,37
0.00023,37.5
0.00023,38
0.00022,39.4
0.00026,40.5
0.00024,41.3
0.00024,41.3
0.00026,42
0.00026,43.5
0.00025,44.4
0.00027,44.4
0.00026,45.9
0.00026,46.7
0.00027,48.3
0.00027,49.5
0.00027,49.1
0.00029,50.2
0.00029,51.4
0.0003,51.9
0.0003,52.8
0.00032,54.7
0.00032,55
0.00033,56.5
0.00032,57.8
0.00033,58.4
0.00034,58.8
0.00033,60.1
0.00034,61.6
0.00036,61.9
0.00035,62.9
0.00036,64.6
0.00036,66.5
0.00034,66.5
0.00035,67.3
0.00035,68.2
0.00038,70
0.00037,70.7
0.00037,72.7
0.00037,71.7
0.00038,74.6
0.00039,74.9
0.00039,75.7
0.0004,77.3
0.0004,78
0.00042,78.8
0.0004,80.8
0.00041,80.5
0.00041,81.8
0.00043,83.5
0.00043,84.9
0.00043,87
0.00043,87.3
0.00045,88.2
0.00044,89.5
0.00045,90.5
0.00046,92.8
0.00046,93.9
0.00045,95.1
0.00047,95.3
0.00048,97
0.00048,98.4
0.00048,98.4
0.00049,101.4
0.00049,100.7
0.00051,102.7
0.00051,105.4
0.00051,106
0.00051,107.6
0.00053,108.2
0.00052,110.8
0.00053,111.6
0.00053,112.9
0.00054,114
0.00053,115.2
0.00054,117.1
0.00053,118.6
0.00056,119.4
0.00057,120
0.00056,121.4
0.00057,122.3
0.00057,124.6
0.0006,126.3
0.00061,127
0.0006,129.2
0.0006,130.1
0.00061,131.3
0.0006,132
0.00062,134.2
0.00062,135.3
0.00063,137
0.00064,137.9
0.00064,139.1
0.00064,141
0.00065,142.6
0.00065,143.9
0.00066,145.1
0.00066,147.1
0.00067,146.9
0.00069,149.3
0.00069,149.9
0.0007,151.8
0.00069,153.3
0.00071,154.9
0.00073,156
0.00072,157.8
0.00075,158.6
0.00075,159.6
0.00073,160.9
0.00075,162.3
0.00076,162.9
0.00077,165.4
0.00078,167.1
0.00078,169.2
0.00078,170.2
0.0008,171.5
0.00082,172.4
0.00084,174.7
0.00083,174.8
0.00085,175.7
0.00088,176.9
0.00087,179.3
0.0009,180.6
0.00091,182.3
0.00091,182.6
0.00092,185.3
0.00096,186.6
0.00098,186.4
0.00098,188.4
0.001,189.8
0.00103,189.4
0.00102,191
0.00105,192.2
0.00104,194.1
0.00109,195.7
0.0011,196.8
0.0011,197.4
0.00114,197.9
0.00115,199.5
0.00119,200.6
0.0012,201.2
0.00122,203.3
0.00124,204.2
0.00126,204.9
0.00128,204.7
0.0013,207.4
0.00133,207.9
0.00136,208.4
0.00139,209.6
0.00142,211.1
0.00145,212.3
0.00146,212.9
0.0015,215
0.00152,215.7
0.00154,216.9
0.00157,217.4
0.0016,218.1
0.00164,219.5
0.00166,220.8
0.00169,220.5
0.00171,222.3
0.00175,223.5
0.00177,224.5
0.00179,225.2
0.00184,225.3
0.00186,227.1
0.00189,227.1
0.00193,228.8
0.00195,229.8
0.00198,230.8
0.00202,232.1
0.00206,232.6
0.00208,232.9
0.00212,234.3
0.00213,236
0.00216,236.6
0.00222,237.4
0.00222,238.5
0.00226,238.2
0.00228,240.1
0.00231,240.5
0.00237,241.1
0.00241,242.2
0.00243,242.8
0.00248,244
0.0025,244.7
0.00254,245.4
0.00258,246.8
0.00262,246.6
0.00266,248
0.00268,248.8
0.00274,249.1
0.00274,250.3
0.0028,251.6
0.00282,251.4
0.00286,253.2
0.00289,254.3
0.00293,253.6
0.00296,255
0.00299,255.9
0.00303,257.2
0.00306,257.3
0.0031,258.1
0.00315,258.8
0.00317,259.3
0.00321,260.9
0.00325,260.9
0.00328,261.3
0.00332,262.7
0.00336,263
0.0034,264.4
0.00344,264.8
0.00346,264.3
0.00352,265.6
0.00355,267.1
0.0036,268
0.00365,268.5
0.00366,269.8
0.00371,270.5
0.00375,271.4
0.00379,271.8
0.00383,272.2
0.00389,274.1
0.00393,274.6
0.00397,273.8
0.004,275.7
0.00406,276.1
0.00408,277.8
0.00412,277.5
0.00416,278.3
0.0042,279.3
0.00426,279.8
0.0043,280.6
0.00433,281.2
0.00438,282.2
0.00441,282.3
0.00446,283.5
0.00449,284.3
0.00455,284.3
0.00459,285.5
0.00463,285.8
0.00468,286.6
0.00472,287.9
0.00476,288
0.00482,287.8
0.00483,289.6
0.00489,290
0.00495,290.7
0.00498,291.1
0.00501,292.5
0.00506,291.8
0.00509,292.8
0.00515,293.7
0.00517,295
0.00522,296.5
0.00528,296.4
0.00531,296.6
0.00535,298
0.0054,298.1
0.00545,299.1
0.00548,299.5
0.00553,301.1
0.00557,301
0.0056,302.3
0.00567,302.3
0.0057,303.6
0.00574,303.8
0.00578,305.3
0.00586,305.7
0.00587,304.7
0.00593,306.4
0.00597,305.9
0.00602,307.7
0.00605,307.8
0.00611,308.5
0.00613,308.6
0.0062,310.5
0.00626,310.3
0.00629,311.5
0.00635,312.8
0.00638,312.4
0.00641,312.6
0.00649,314.1
0.00652,313.8
0.00657,315.6
0.00661,315.6
0.00666,316.1
0.00672,316.4
0.00678,316.7
0.00682,317.6
0.00684,319.2
0.00689,319.7
0.00695,320.3
0.00698,320.6
0.00704,321.1
0.00707,322
0.00712,321.7
0.00717,322.9
0.00722,323.6
0.00727,324.3
0.00731,325.1
0.00734,325.3
0.00741,325.9
0.00744,326.9
0.00749,327.6
0.00755,328.5
0.0076,327.7
0.00764,329.3
0.00769,329.2
0.00773,329.3
0.00779,330.6
0.00782,331.3
0.00787,331.9
0.00793,332.8
0.00798,333.5
0.00803,333.8
0.00807,334.4
0.00812,335.9
0.00816,336.2
0.00821,337.3
0.00825,336.9
0.00831,338.7
0.00837,339.1
0.00841,339.3
0.00846,339
0.00851,341.4
0.00856,341.1
0.0086,341.9
0.00866,342.1
0.00871,342.2
0.00877,343.7
0.00881,343.8
0.00886,344.7
0.00892,345
0.00896,345.8
0.00901,345.7
0.00905,346.8
0.00912,347.5
0.00916,348.2
0.00921,348.2
0.00926,348.9
0.0093,349.2
0.00935,349.4
0.00942,350.5
0.00946,351.7
0.0095,351.8
0.00955,352.3
0.00961,353.7
0.00964,352.8
0.00971,354.2
0.00976,355
0.0098,356.2
0.00985,356.4
0.00987,356.5
0.00993,357.9
0.00999,358
0.01005,358.5
0.01008,359.2
0.01013,360.2
0.01019,360.2
0.01024,361.6
0.01029,360.9
0.01034,361.6
0.01037,362.2
0.01041,363.2
0.01047,364.3
0.01053,364.4
0.01057,365.3
0.01062,364.2
0.01067,366.7
0.01073,366.3
0.01077,366.7
0.01081,367.5
0.01088,367.8
0.01092,368.9
0.01096,368.7
0.01103,369.4
0.01107,370.3
0.01113,371.2
0.01116,371.6
0.01123,372.4
0.01126,372.1
0.01133,373
0.01137,373.8
0.01141,374.5
0.01147,374.5
0.01152,375.4
0.01158,375.9
0.01163,376
0.01166,375.7
0.0117,377
0.01177,377.9
0.01182,379.1
0.01185,379.8
0.01191,379.2
0.01197,380.1
0.01201,380.8
0.01206,381.7
0.01211,382.3
0.01217,382.7
0.01222,383.2
0.01227,383.7
0.01231,384.3
0.01234,384.8
0.0124,385.2
0.01244,386.3
0.01249,385.1
0.01254,386.8
0.0126,387.1
0.01265,387.9
0.01271,388.2
0.01276,389.7
0.01281,389.8
0.01288,390.3
0.01294,391.9
0.013,393.3
0.01307,392.1
0.01313,392.9
0.0132,393.8
0.01325,394.2
0.01333,396.2
0.01339,395.7
0.01348,396.8
0.01354,397.1
0.01359,398.2
0.01367,399.4
0.01373,399.9
0.01383,399.6
0.0139,400.1
0.01396,401.3
0.01402,401.9
0.0141,402.9
0.01417,404.2
0.01426,405
0.01434,404.7
0.01442,405.5
0.0145,407
0.01459,408.4
0.01469,408.7
0.01478,408.8
0.01488,410.3
0.01496,410.4
0.01504,410.9
0.01514,412.9
0.01524,413.9
0.01533,414.3
0.01545,414.7
0.01554,415.5
0.01563,415.5
0.01573,418
0.01581,418.2
0.0159,419.5
0.01601,420.7
0.01612,421.2
0.01621,423.3
0.01631,423.5
0.0164,425
0.0165,425.7
0.0166,427.4
0.01668,428
0.01679,428.6
0.01688,429
0.01699,430.2
0.01706,431.8
0.01718,432.9
0.01728,433.4
0.01738,433.2
0.01748,434.7
0.01757,435.7
0.01767,437.1
0.01778,437.8
0.01787,438.6
0.01797,439.6
0.01808,441.2
0.01818,440.7
0.01826,441.1
0.01837,443.2
0.01846,444.2
0.01855,443.8
0.01865,444.9
0.01875,446.2
0.01884,447.1
0.01895,447.5
0.01905,449.2
0.01914,450.7
0.01924,451.6
0.01935,452.8
0.01945,453
0.01957,454.1
0.01967,455.7
0.01977,455.9
0.01987,456.5
0.01997,457.1
0.02006,457.9
0.02017,459.7
0.02026,460.3
0.02037,460.3
0.02045,462.7
0.02056,463.9
0.02065,464.2
0.02074,465.7
0.02084,465.3
0.02093,465.4
0.02105,466.4
0.02115,468.9
0.02123,467.4
0.02134,469.4
0.02145,469.9
0.02157,470.8
0.02167,471.7
0.02176,473.2
0.02187,473.6
0.02197,473.6
0.02209,475
0.02217,476.6
0.02229,476.6
0.02238,478.6
0.02249,479.1
0.02259,479.7
0.02269,480.3
0.02281,480.9
0.02291,483.4
0.02302,482.8
0.02311,484.7
0.02321,485.2
0.02333,485.8
0.02342,487.2
0.02354,487.1
0.02365,488.9
0.02375,489.1
0.02386,490.6
0.02395,491.7
0.02406,491.6
0.02415,492.6
0.02429,493.8
0.02439,494.7
0.02448,495.6
0.02458,495.9
0.02469,496
0.0248,497.7
0.02491,498
0.02504,499.3
0.02514,500
0.02524,500.2
0.02535,501.6
0.02545,502.1
0.02557,503
0.02566,505.1
0.02578,504.9
0.0259,505.8
0.02598,507.3
0.02611,508.2
0.02621,508.4
0.02631,508.8
0.02642,509.1
0.02653,510.8
0.02662,510.7
0.02674,512.2
0.02684,512.7
0.02695,514.7
0.02705,515.7
0.02718,515.6
0.02728,516.3
0.0274,515.5
0.02751,518.3
0.02761,517.9
0.02772,519.2
0.02783,519.4
0.02794,521
0.02803,520.4
0.02816,523.3
0.02827,523.4
0.02837,523.9
0.02846,523.9
0.0286,525.7
0.02871,525.9
0.02882,527.7
0.02894,526.4
0.02903,529.5
0.02915,529.6
0.02926,530.4
0.02938,532
0.02947,531.3
0.02959,532
0.02969,533.7
0.0298,533.3
0.02991,533.8
0.03002,535.4
0.03012,535.8
0.03024,536.9
0.03036,537.9
0.03047,538.7
0.03058,539.5
0.03069,539.9
0.03081,541.1
0.03093,542.3
0.03105,542
0.03116,543
0.0313,543.3
0.03142,544.7
0.03151,545.1
0.03165,545.8
0.03174,545.7
0.03186,546.5
0.03196,547.3
0.03207,547.5
0.03217,549.5
0.03227,550.2
0.03236,550.1
0.03249,551.4
0.0326,552.4
0.03269,553.5
0.03281,554.1
0.03292,553
0.03304,554.3
0.03317,555.8
0.03328,556.4
0.03341,556.7
0.03354,557.4
0.03367,557.8
0.03381,558.7
0.03394,559.9
0.03405,560.2
0.03419,561.5
0.03431,562.1
0.03442,562.4
0.03456,563.6
0.03468,564.7
0.03477,564.6
0.03487,564.8
0.03497,565.9
0.03506,566.1
0.03513,567.8
0.03522,568.1
0.03533,569
0.03542,569.8
0.03554,570.2
0.03565,572
0.03576,572.4
0.03589,573
0.03603,573.1
0.03617,572.3
0.03632,573.8
0.03645,575.3
0.03661,575.2
0.03677,576.7
0.03691,576.6
0.03709,577.1
0.03724,578.7
0.03737,578.6
0.03753,579.4
0.03765,581.5
0.03777,583.3
0.03789,583.2
0.03801,583.1
0.0381,584.3
0.03816,583.8
0.03824,584.6
0.03828,584.9
0.03836,586.5
0.03843,586.7
0.03855,586.7
0.03864,587.3
0.03872,586.6
0.03886,588.5
0.03899,590.1
0.03909,591.9
0.03922,591.8
0.03936,591.6
0.03951,591.9
0.03968,593.3
0.03984,592.4
0.04,593.9
0.04014,596.2
0.04033,595.9
0.0405,596.1
0.04068,596.4
0.04086,597.2
0.04101,598.3
0.04119,598.2
0.04136,598.6
0.04148,601.4
0.0416,602.9
0.04169,604.6
0.04177,603.4
0.04185,603.5
0.0419,604.4
0.04195,603.4
0.04203,603.5
0.04208,602.5
0.04215,604.8
0.04223,607.7
0.04234,608.4
0.04246,608.6
0.04257,609.6
0.04262,607.1
0.0427,608.6
0.04287,609.1
0.04306,607.4
0.0432,610.9
0.0433,612.4
0.04344,615.1
0.04359,613.4
0.04378,612
0.04398,611.9
0.04415,612.4
0.04434,614.6
0.0445,616
0.0447,615.6
0.04489,615.2
0.04506,617.9
0.04521,619
0.04537,618.7
0.04556,619.9
0.04576,619.4
0.0459,621.5
0.04604,623.8
0.04615,625.9
0.04623,625.8
0.04631,625.8
0.04636,625.4
0.04644,625.1
0.04651,625.3
0.04659,625.6
0.04665,623.8
0.04675,624.5
0.04679,625.1
0.04691,623.6
0.047,628.4
0.04709,630.3
0.04718,633.1
0.04722,630.7
0.04727,630.5
0.0474,630.9
0.04757,630.9
0.04772,631.3
0.04784,632.5
0.04799,636.1
0.04813,637
0.04832,634.4
0.04851,633.6
0.0487,635.6
0.04887,634.2
0.04906,636
0.04925,636.3
0.04943,637.6
0.04963,637.3
0.04985,636.9
0.05004,638.6
0.05023,640.8
0.05043,640.5
0.0506,642.1
0.05081,642.2
0.05102,641.7
0.05118,644.6
0.05134,646.7
0.05145,646.9
0.05158,647
0.0517,646.5
0.05179,647.8
0.05188,647.9
0.05196,648.8
0.052,647.8
0.05202,648.2
0.05205,648.6
0.05203,645.4
0.05207,647.9
0.05209,650.9
0.05214,653.5
0.05218,653.4
0.0522,651.6
0.05224,650.9
0.05237,650.9
0.05255,652.7
0.0527,653.3
0.05286,652.7
0.053,655.8
0.05313,657.5
0.05335,654.3
0.05357,653.5
0.05375,654.2
0.05394,654.5
0.05414,655.4
0.05434,656.4
0.05453,656.9
0.05476,657.6
0.05494,658.8
0.05515,658.2
0.05535,659.6
0.05556,660.8
0.05575,662.4
0.05597,661.8
0.05619,662
0.05641,662.7
0.05662,662.6
0.05682,663.5
0.05702,664.2
0.05722,664.9
0.05736,666
0.05747,667.1
0.05754,668.4
0.05758,668.4
0.05763,669
0.05767,669.6
0.05771,669.7
0.05774,669.8
0.05775,670.7
0.05781,671.6
0.05783,671.8
0.05787,670.9
0.0579,670.8
0.05798,670.4
0.05814,670.7
0.05831,671.3
0.05843,672.6
0.05859,671.2
0.05871,673
0.05881,675.2
0.05897,673.3
0.05913,672.8
0.05931,674.3
0.05947,675.2
0.05965,674.9
0.05983,675.7
0.06,675.8
0.06018,676.9
0.06036,677.5
0.06054,678
0.06071,678.7
0.06092,678.3
0.06111,678.6
0.0613,679.2
0.06149,681.2
0.06169,681.5
0.06191,680.5
0.06213,681.3
0.06233,682
0.06254,681.8
0.06278,681.9
0.06297,683.2
0.06318,684.4
0.0634,686
0.06363,686.7
0.06379,686.2
0.06392,687.2
0.06399,688.2
0.06401,687.5
0.06407,688.6
0.06412,688.8
0.06416,690.6
0.06422,691.6
0.06432,690.7
0.0645,688.7
0.06468,689.9
0.06479,690.1
0.06481,689.5
0.06483,689.8
0.06487,691.8
0.06488,691.8
0.06491,693.1
0.06499,692.8
0.06512,691.6
0.0653,692.4
0.06545,692.5
0.06563,693.2
0.06581,693.6
0.06599,693.8
0.06616,694.4
0.06635,695.4
0.06654,695.9
0.06673,696.3
0.06692,696.6
0.06711,696.4
0.06727,697.3
0.06749,697.9
0.06766,699.1
0.06786,699.2
0.06805,699.7
0.06824,700.6
0.06844,700.2
0.06865,699.2
0.06885,699.2
0.06905,700.8
0.06923,702
0.06944,702.9
0.06966,702.2
0.06986,702
0.07009,702.4
0.07027,703.1
0.07046,704.7
0.07061,705.3
0.07081,705.3
0.07095,704.6
0.07108,705.1
0.07119,706.1
0.07126,706.5
0.07131,705.7
0.07135,707.4
0.07138,708.8
0.07141,708.4
0.07144,708.7
0.07147,708.9
0.0715,710.2
0.07153,710.7
0.07154,710
0.07155,709.5
0.0716,712
0.07164,713.3
0.07166,714.8
0.07175,712.1
0.07189,709.7
0.07208,709.8
0.07227,709.6
0.07245,711.5
0.07264,711.5
0.07285,712.2
0.07303,711.8
0.07324,712.9
0.07343,714.1
0.07366,712.9
0.07388,714.3
0.07409,713.9
0.07431,714.5
0.0745,716.2
0.0747,716.3
0.07491,715.3
0.07513,715.7
0.07535,717
0.07557,717.3
0.0758,718.6
0.07603,720.1
0.07628,718.3
0.07655,717.2
0.07676,717.8
0.07696,718.4
0.07718,718.4
0.07738,718.8
0.0776,719.2
0.07781,719.8
0.07801,720
0.07824,720.7
0.07845,720.2
0.07866,721.2
0.07885,722.3
0.07906,722.5
0.07924,723.1
0.0793,723.5
0.07938,725
0.07943,725.6
0.07946,726
0.07947,726.7
0.07947,723.3
0.07949,724.1
0.07954,725.9
0.0796,728.1
0.07961,728.8
0.07964,729.7
0.07971,729.4
0.07976,729.9
0.07981,730.4
0.0799,728.9
0.08009,725.9
0.08027,727
0.08046,726.7
0.08066,727.4
0.08087,728.8
0.08104,728.6
0.08125,729.5
0.08146,729
0.08165,729.2
0.08187,729.3
0.08208,730.3
0.08229,731.1
0.0825,731.2
0.08273,731.3
0.08294,731.9
0.08319,732.2
0.08341,732.6
0.08363,732.7
0.08384,733
0.08408,732.7
0.08429,735.4
0.08449,737
0.0847,737.8
0.08499,734.7
0.08526,733.4
0.08547,735
0.08567,735.3
0.08589,735.4
0.08609,735.3
0.08631,735.6
0.08654,736.1
0.08674,736.5
0.08697,736.2
0.08717,737.2
0.08734,737
0.08746,737.2
0.08754,737.5
0.08761,737.9
0.08769,738.7
0.08773,739.3
0.0878,738.9
0.0879,740.2
0.088,740.4
0.08813,740.1
0.08824,740.9
0.08832,742.1
0.08837,742.2
0.08839,743.1
0.0884,743.5
0.08839,745
0.08843,745.8
0.08841,747.2
0.08843,747.3
0.08845,747.7
0.08847,748.6
0.08851,747.3
0.08856,746.6
0.0886,745.1
0.08866,742.9
0.08875,740.5
0.08886,742.9
0.08902,744
0.08921,743.1
0.08942,742
0.08963,744.1
0.08983,743.8
0.09004,744.9
0.09029,745.6
0.09049,744.1
0.09071,746
0.09095,745.4
0.09116,745.8
0.09137,746.5
0.0916,746.9
0.09183,747.4
0.09205,746.6
0.09226,747.6
0.09248,747.5
0.09272,747.3
0.09294,748.7
0.09315,749.7
0.0934,749.7
0.09365,747.6
0.09386,748.6
0.09408,750
0.0943,751.4
0.09453,752.6
0.09477,751.6
0.095,748.2
0.0952,750.4
0.09541,750.2
0.09563,750.8
0.09584,750.7
0.09603,751.4
0.09626,752
0.09649,752.5
0.09671,752.5
0.09693,751.4
0.09714,752.1
0.09737,753.2
0.09758,753.4
0.09778,754.5
0.09798,755
0.0982,755.3
0.09841,756.3
0.09861,757.3
0.09879,756.9
0.09894,758.1
0.09901,758.7
0.09909,759.1
0.09915,760.2
0.09919,761.1
0.09922,760.4
0.09922,759
0.09923,757.5
0.09925,758.4
0.09926,760.2
0.0993,761
0.09933,760.8
0.09941,761.5
0.09951,762.2
0.09965,761.1
0.09984,757.7
0.10005,757.9
0.10026,758
0.10047,759
0.10067,759.8
0.10088,759.6
0.10111,760
0.10131,759.8
0.10154,760.1
0.10176,761
0.10197,760.7
0.1022,761.8
0.10242,761.6
0.10263,761.5
0.10287,762.2
0.10311,763.1
0.10331,762.9
0.10354,762.2
0.10377,762.7
0.104,763.8
0.10423,763.7
0.10445,764.8
0.10467,765.1
0.10492,764.9
0.10517,765.4
0.10544,765.3
0.10572,766.7
0.10597,764.2
0.10621,764.9
0.10643,765.6
0.10667,765.7
0.10689,766.6
0.10711,766.4
0.10734,767.7
0.10758,766.7
0.10783,767.1
0.10806,767.6
0.10829,768.2
0.10851,768.9
0.10873,768.5
0.10896,769.9
0.10919,769.5
0.10941,770.5
0.10962,770.8
0.1098,771.6
0.11,772.4
0.11016,771.3
0.11023,768.8
0.1103,769.7
0.11032,771.9
0.11039,773.1
0.11044,770.6
0.11047,769.2
0.11057,773.2
0.11065,775.1
0.11072,776.9
0.11083,777.1
0.1109,778.4
0.11097,777.9
0.11102,778.3
0.11104,773.8
0.11105,772.2
0.11107,773.7
0.1111,774.2
0.11111,774.6
0.11112,774.1
0.11115,775.4
0.11117,776.5
0.1112,775.7
0.11121,774.2
0.1112,774
0.11123,773.8
0.1113,770.1
0.11141,771.6
0.1115,773.9
0.11165,773.6
0.11181,774
0.11195,775.1
0.1121,776.1
0.11226,777.3
0.11242,777
0.1126,777.2
0.11282,773.7
0.11306,771.6
0.11326,772.9
0.11347,773.3
0.11369,773.2
0.1139,773.9
0.11413,773.1
0.11434,774.4
0.11456,773.6
0.11477,774.3
0.11501,774.9
0.11523,774.9
0.11546,776
0.11569,774.7
0.11591,775.4
0.11615,775.8
0.11639,776.5
0.11664,776.1
0.11689,774.5
0.1171,776
0.11735,777.3
0.11757,777.7
0.11782,778.5
0.11809,776.6
0.11835,777.6
0.1186,778.2
0.11883,777.7
0.11907,778.9
0.1193,779.7
0.11954,779.8
0.11978,779.9
0.12003,780.5
0.12027,780.9
0.12052,781.2
0.12074,780.8
0.12099,781.4
0.12123,781.4
0.12149,781.2
0.1217,781.4
0.12194,781.4
0.12218,782.3
0.12242,782.1
0.12267,783.5
0.1229,784.2
0.12315,784
0.12338,784
0.12363,784.7
0.12385,784.3
0.12409,786.1
0.12431,786.1
0.1245,785.8
0.12466,785.7
0.12479,786
0.12489,787.5
0.12495,786.9
0.125,788.2
0.12506,787.8
0.1251,788.9
0.12516,789.8
0.12522,790.4
0.12527,790.6
0.12532,791.5
0.1254,793.3
0.12545,794.3
0.12554,794.4
0.12566,794.9
0.12593,784.4
0.12615,784.5
0.12636,785.4
0.12659,785.8
0.12682,785.5
0.12706,786.2
0.12728,786.9
0.1275,787.1
0.12776,787
0.12797,787.8
0.12821,788
0.12845,787.4
0.12868,786.1
0.12891,786.7
0.12914,787.7
0.1294,788.3
0.12963,788.5
0.1299,788.4
0.1302,783.8
0.13047,785.8
0.13073,785.7
0.13096,786.7
0.13115,786.1
0.13129,785.7
0.13135,786.2
0.1314,785.9
0.13143,787.3
0.13147,787.6
0.13151,788.9
0.13158,788.2
0.13167,788.8
0.13176,789.6
0.13189,790.4
0.132,790
0.13209,791.7
0.13218,792.3
0.13226,793.9
0.13232,794.4
0.13243,795.7
0.13254,794.9
0.13273,795.6
0.13296,793.9
0.13317,794.5
0.1334,794.6
0.13365,794.6
0.13391,794.7
0.13419,792.5
0.13444,791.2
0.13467,791.3
0.13491,793.2
0.13513,793.1
0.13538,793.3
0.13558,793.4
0.13584,793.9
0.13608,793.1
0.13633,792.9
0.13655,793
0.1368,793.9
0.13705,794.2
0.13726,794.6
0.1375,795.5
0.13772,795.2
0.13798,795.2
0.13822,794.8
0.13845,795.6
0.13869,796.1
0.13894,795.4
0.13918,797.6
0.1394,797.4
0.13968,798
0.13992,797.6
0.14017,798
0.14039,797.7
0.14063,798.3
0.14087,798.8
0.14111,799.9
0.14134,799.4
0.14156,799
0.14175,799.8
0.14192,800.5
0.14204,800.4
0.14214,801
0.14223,801.3
0.14228,802
0.14235,802.1
0.14239,803.2
0.14242,804.1
0.14249,804.8
0.14255,806.3
0.1426,806.1
0.14269,806.6
0.14287,800.9
0.14313,795.2
0.14332,796.6
0.14357,797.1
0.14379,796.4
0.14402,797.1
0.14425,796.8
0.14449,797.6
0.14471,797.4
0.14496,797.8
0.14519,798.3
0.14542,796.7
0.14564,797.1
0.14586,797.2
0.1461,799.2
0.14631,799.4
0.14655,800.4
0.14679,800
0.14703,799.8
0.14728,799.6
0.14751,800.1
0.14777,801.6
0.14802,801.5
0.14826,802.4
0.14851,802.9
0.14876,802.2
0.14902,803.4
0.14925,803
0.14954,803.9
0.1498,803.4
0.1501,804.3
0.15038,803.7
0.15057,803.8
0.15073,803.9
0.15075,803.7
0.15074,804.8
0.15075,803.9
0.1508,804.2
0.15089,803.4
0.15103,803.8
0.15115,805.8
0.1513,805.7
0.15141,806.3
0.15155,806.5
0.15163,807
0.15169,807.4
0.15177,809.2
0.1518,808.1
0.15187,809.2
0.15192,808.2
0.15194,807.2
0.15195,804.4
0.15198,804.3
0.15204,807.1
0.15206,806.7
0.1521,805.4
0.15212,805.8
0.15219,806.3
0.15227,807.5
0.15243,805.8
0.15265,801.5
0.15286,802.5
0.15307,803
0.15327,803
0.15349,803.6
0.15371,804.7
0.15393,804.3
0.15414,804.5
0.15437,805
0.15462,804.9
0.15485,804.3
0.15508,805.1
0.15533,805.1
0.15555,805.2
0.15581,804.5
0.15606,805.7
0.15628,806.6
0.15651,805.7
0.15676,806.1
0.157,806.7
0.15723,808.2
0.15747,807.6
0.1577,808.9
0.15794,808.7
0.15817,807.2
0.15841,808.8
0.15864,808.2
0.15886,809.2
0.15911,808.2
0.15933,808.5
0.15958,809.2
0.1598,809
0.16003,810.5
0.16027,809.3
0.16051,809.5
0.16074,809.6
0.16098,809.7
0.16121,809.7
0.16143,810.4
0.16167,810.8
0.16188,810.3
0.16207,812.1
0.16227,811.6
0.16246,812.2
0.16263,811.7
0.16278,811.9
0.16294,811.6
0.16312,809.1
0.16337,807
0.16357,806.9
0.1638,807.4
0.16403,808.9
0.16426,809
0.16449,808.6
0.16473,809.5
0.16496,810.9
0.16521,809.8
0.16541,811
0.16566,810.6
0.16588,809.9
0.16612,809.6
0.16635,811.2
0.16655,811.2
0.16677,810.5
0.16701,810.7
0.16723,811.9
0.16745,812.4
0.16771,811.3
0.16793,811.8
0.16815,811.9
0.16838,811.6
0.16862,812.7
0.16885,812.8
0.16908,812.6
0.16929,811.4
0.16953,811.7
0.16975,811.7
0.16997,811.9
0.17022,812.5
0.17045,811.6
0.17067,813.2
0.17091,813.3
0.17113,813.8
0.17136,813.1
0.17159,813.9
0.17181,814.9
0.17206,813.9
0.17232,814.8
0.17253,815.1
0.17273,814.5
0.17291,814.6
0.17303,814.5
0.1731,815
0.17313,815
0.17317,816.5
0.17321,816.4
0.17325,816.6
0.1733,817.2
0.17335,818
0.17341,818.5
0.17346,818.4
0.17353,819.9
0.17359,820
0.17364,820.9
0.1737,820.5
0.17377,820.6
0.17394,817.5
0.17421,812.9
0.17443,812.8
0.17466,814.4
0.1749,814.5
0.17514,814.7
0.1754,814.2
0.17564,814.7
0.17589,814.6
0.17615,813.9
0.17638,815.1
0.17663,815.5
0.17684,815.3
0.17708,814.8
0.17731,815.1
0.17755,815.4
0.17776,815.2
0.17802,816.7
0.17825,815.6
0.17849,816.2
0.1787,816.2
0.17895,817.1
0.1792,816.3
0.17943,817.3
0.17965,817.8
0.1799,817
0.18013,817.8
0.18037,816.7
0.18061,816.9
0.18086,817.5
0.18108,818.4
0.18132,818.4
0.18155,818.3
0.1818,818.5
0.18204,818.7
0.18228,819.4
0.18251,818.8
0.18275,818.9
0.183,819.6
0.18323,819.1
0.18348,819
0.18373,819.2
0.18397,819.1
0.1842,818.2
0.18444,818.2
0.18471,818.6
0.18491,818
0.1851,816.8
0.18526,815.8
0.18534,814.5
0.1854,814.7
0.18543,815
0.18549,815.7
0.18551,817
0.18551,815.9
0.18552,814.4
0.18552,814.7
0.18555,815.7
0.18558,817.9
0.18559,821.1
0.18559,822.7
0.18563,823.4
0.18563,822.9
0.18569,822.8
0.18576,822.7
0.18588,824.4
0.18602,822.8
0.18616,823.5
0.18629,822.8
0.18644,823.7
0.18658,823.7
0.18673,824.7
0.18689,825.7
0.18708,824.3
0.18727,826.2
0.18748,825.7
0.18769,825.3
0.18791,826.2
0.18815,824.9
0.18837,825.3
0.1886,827
0.18884,826.3
0.18908,825.1
0.1893,824.7
0.18953,825.9
0.18977,825.3
0.19003,826.5
0.19026,826.4
0.19051,824.8
0.19075,825.2
0.19098,824.9
0.19123,824.1
0.19148,825.5
0.19173,824.1
0.19199,823.2
0.19224,823
0.19248,822.5
0.19274,823.8
0.193,823.5
0.19323,823.4
0.19349,822.9
0.19375,823.3
0.194,823.8
0.19423,823.3
0.19447,823
0.19472,821.5
0.19494,821.8
0.19519,821.2
0.1954,819.1
0.19566,820.2
0.19588,819.2
0.1961,819.2
0.19633,820.5
0.19654,821.1
0.19678,820.1
0.19702,821.2
0.19726,820.6
0.19753,820.1
0.19776,819.8
0.19801,818.8
0.19825,819.2
0.1985,819.3
0.19876,819.4
0.199,820
0.19926,818.6
0.1995,818.8
0.19975,818.7
0.20001,819.7
0.20024,819
0.20049,820.4
0.20074,819.2
0.20098,821
0.20121,820.2
0.20144,820.5
0.2017,821
0.20193,821.8
0.20218,820.8
0.20242,821.9
0.20266,820.9
0.2029,821.9
0.20315,821.4
0.20339,822
0.20364,821.1
0.2039,822
0.20415,822.4
0.2044,822.7
0.20467,823.4
0.20492,823.5
0.20518,823.6
0.20546,824.4
0.20569,824.4
0.20595,824.3
0.2062,823.9
0.20642,824.8
0.20665,824.3
0.20682,824.8
0.20697,824.3
0.20711,826
0.20724,826.4
0.20733,826
0.2074,826.4
0.20748,825.5
0.20755,826.8
0.2076,827.1
0.20767,827.4
0.20774,827.7
0.2078,827.9
0.20787,828.5
0.20791,828.2
0.20795,829.3
0.20799,829
0.20802,829.1
0.20804,828.7
0.20807,828.2
0.20809,830.3
0.2081,828.1
0.20813,829
0.20814,830.4
0.20816,832
0.20819,833.8
0.20822,835.9
0.20824,837.2
0.20826,837.2
0.20831,836.1
0.20835,838.5
0.20841,838.2
0.20851,836.7
0.20867,832.6
0.20885,832.3
0.20905,830
0.20927,830.5
0.20948,830.5
0.20971,829.9
0.20993,829.8
0.21016,829.8
0.21038,829.9
0.21059,830
0.21081,830
0.21104,829.9
0.21126,830.1
0.2115,830.8
0.21173,829.6
0.21198,828.9
0.21222,829.2
0.21247,828.2
0.21269,828.4
0.21295,828.1
0.21317,826.5
0.21342,827.1
0.21367,828
0.2139,828.2
0.21415,828.1
0.21442,827.2
0.21465,827.8
0.21492,828
0.21516,828.2
0.21544,827.5
0.21571,826.5
0.21593,827.5
0.2162,827.1
0.21645,827.9
0.2167,827.7
0.21694,828
0.2172,829.1
0.21747,828.3
0.21769,828.2
0.21795,830.2
0.2182,829.9
0.21843,830.1
0.2187,830.6
0.21894,829.7
0.21917,829
0.21943,829.1
0.21966,829.6
0.21989,829.4
0.22013,830.2
0.22038,831.3
0.22061,829.7
0.22087,830.3
0.2211,830.7
0.22132,829.8
0.22156,830.3
0.22181,829.7
0.22204,831.4
0.22227,831
0.2225,830
0.22274,831.4
0.22296,829.8
0.22323,831.1
0.22347,830.5
0.22371,831.6
0.22396,831
0.22422,830
0.22446,831.3
0.2247,831.9
0.22496,831.2
0.22519,831.1
0.22544,831.4
0.2257,831.2
0.22596,831.7
0.22619,831
0.22644,830.9
0.2267,830.8
0.22694,832.1
0.22718,831.7
0.22742,831.9
0.22766,831.7
0.22791,832.5
0.22816,832.3
0.22839,832.5
0.22864,832.7
0.22888,832.3
0.22913,833
0.22938,832.9
0.22963,832.8
0.22986,831.7
0.23012,832.3
0.23038,832.1
0.23063,832.7
0.23086,832.5
0.23112,832.2
0.23136,831.5
0.23162,832
0.23184,831.9
0.23207,831.1
0.23227,831
0.23244,832.1
0.23259,831.1
0.23273,831.3
0.23288,830.3
0.23299,830.8
0.23308,830.9
0.23315,830.4
0.23323,829.8
0.23332,831
0.23337,831.5
0.23343,832.2
0.23348,831.9
0.23351,832.3
0.23355,833
0.23362,834.8
0.23365,834.6
0.23371,835.1
0.23375,835.1
0.23381,836.5
0.23387,836.8
0.23395,837.3
0.23406,836.4
0.23417,837.6
0.23428,837.4
0.2344,837.8
0.23455,837
0.23471,837.2
0.23486,836.7
0.23503,836.8
0.23519,837.6
0.23538,836.6
0.23561,837.5
0.23581,836.6
0.23603,836.7
0.23626,836.7
0.2365,836.8
0.23674,836.7
0.23697,837.2
0.23724,837.3
0.23747,837.2
0.23771,837.5
0.23796,837
0.23821,836.8
0.23848,837.5
0.23873,837
0.23895,836.7
0.2392,837.1
0.23945,836
0.23969,836.9
0.23993,836
0.24017,837.1
0.24042,837.1
0.24066,837
0.24091,835.8
0.24113,836.8
0.24139,837.2
0.24161,836.7
0.24186,836.5
0.24211,836.9
0.24237,835.4
0.24261,836
0.24286,835.2
0.2431,835
0.24335,836.1
0.24361,834.7
0.24387,836.2
0.24413,835.8
0.24437,836.4
0.24462,835.5
0.24488,836.4
0.24512,836.2
0.24538,835.6
0.2456,835.3
0.24587,835.5
0.24612,836
0.24636,835
0.24661,833.7
0.24683,834.9
0.24709,834.4
0.24734,834.6
0.24759,833.6
0.24783,834.1
0.24809,833.9
0.24835,833.4
0.24859,832.8
0.24882,832.9
0.24904,833.8
0.24927,833.9
0.24949,832.7
0.24974,833.5
0.24998,833.6
0.25022,833.7
0.25049,833.3
0.25072,833
0.25096,834.1
0.2512,833.2
0.25148,833.3
0.25171,833.5
0.25196,832.9
0.25222,833.5
0.25245,833
0.25272,832.8
0.25297,832.9
0.25323,832.7
0.25349,832.8
0.25374,833.5
0.25401,833
0.25424,833
0.25449,834.4
0.25474,833.2
0.25499,833.3
0.25523,834.7
0.2555,833.8
0.25573,833.9
0.25597,834.8
0.25624,833.8
0.25647,835.2
0.25671,835.4
0.25695,835.3
0.25719,835.8
0.25742,834.7
0.25767,835.7
0.2579,835.4
0.25819,835.4
0.25843,835.1
0.25869,834.6
0.25894,834.4
0.2592,835.3
0.25943,835.4
0.25963,835.2
0.25983,834.5
0.25996,834.5
0.26007,834.4
0.26017,835.3
0.2602,836
0.26029,835.2
0.26037,834.4
0.26046,835.5
0.26058,836.2
0.26069,834.8
0.26079,835.1
0.26089,835.7
0.26098,836.7
0.26106,836.3
0.26114,836.8
0.26118,837.6
0.26126,838.1
0.26131,838.2
0.26136,839.1
0.26141,840.3
0.26146,839.7
0.26149,839.4
0.26156,839.4
0.26164,841
0.26172,841
0.26183,840.6
0.26195,841.3
0.26213,841.4
0.26233,840
0.2625,840.3
0.26273,838.7
0.26296,839.5
0.26318,839.8
0.2634,839.8
0.26364,839.9
0.26388,840
0.26411,838.7
0.26436,839.5
0.26461,839.7
0.26484,839.7
0.26509,838.9
0.26533,839.3
0.26558,839.1
0.26585,838.9
0.26608,839.1
0.26635,837.8
0.26658,838.2
0.26681,837.4
0.26706,838.6
0.26731,838.1
0.26756,837.8
0.26779,837.6
0.26807,837.8
0.26831,838
0.26853,837
0.2688,837.7
0.26903,837.9
0.26928,837.9
0.2695,838.2
0.26976,838.9
0.27002,838.6
0.27028,838.3
0.27052,838.6
0.27079,838
0.27102,837.5
0.27127,838.3
0.27152,837.8
0.27178,837.4
0.27203,838.3
0.27228,838.2
0.27254,838.7
0.27277,839
0.27301,838.2
0.27326,839.4
0.27351,838.7
0.27375,838.2
0.27398,838
0.27423,839.1
0.27446,839.1
0.2747,838.4
0.27495,839.1
0.27521,838.9
0.27546,839.9
0.27572,839.7
0.27595,839.2
0.27618,839.1
0.27643,839.2
0.27667,838.7
0.27692,839.4
0.27717,838.9
0.27741,839.8
0.27766,839.9
0.27791,838.7
0.27813,839.4
0.27837,839.7
0.27862,840.1
0.27885,839.6
0.27909,839.4
0.27934,839
0.27959,839
0.27984,839.4
0.28008,839.6
0.28034,840.2
0.28058,838.6
0.28084,838.9
0.28108,839.9
0.28133,839.5
0.28158,838.4
0.28183,839.4
0.28209,840.4
0.28234,839.4
0.28261,839.7
0.28285,841.2
0.28309,839.7
0.28334,839.1
0.28359,840.4
0.28381,840
0.28408,839.9
0.28434,841
0.28457,840.3
0.28482,840.2
0.28508,839.8
0.28531,840.6
0.28556,841.1
0.2858,841.1
0.28604,840.2
0.28628,840.9
0.28651,840.6
0.28678,841.1
0.287,840.2
0.28725,841
0.28748,841.4
0.28774,840.5
0.28801,840.3
0.28824,840.9
0.28849,841.1
0.28874,841.9
0.28897,841.8
0.28924,841.4
0.28948,840.8
0.28973,840.4
0.28999,841.2
0.29024,840.8
0.29048,841.6
0.29074,842.2
0.29099,841.4
0.29123,840.8
0.29148,841.1
0.29172,841.3
0.29194,841.4
0.29216,841.3
0.29235,841.3
0.29251,839.8
0.29268,840.7
0.29282,841.1
0.29297,841.1
0.2931,840.8
0.29324,840
0.29337,840.8
0.29344,840.3
0.29357,841.1
0.29367,841.1
0.29375,841.4
0.29386,841.1
0.29396,841.8
0.29404,842.9
0.29414,842.7
0.29422,842.4
0.29429,842
0.29436,843.1
0.29442,843.4
0.29449,842.3
0.29456,843.3
0.29463,844.1
0.29468,844
0.29473,845.1
0.2948,845
0.29486,845.6
0.29494,845.3
0.29501,845.5
0.29509,845.4
0.29518,844.9
0.29526,842.3
0.2953,843
0.29534,843.1
0.29536,843.5
0.2954,845.4
0.29546,847.5
0.29556,848
0.29571,845.2
0.29586,843.9
0.29603,844.1
0.29618,845.2
0.29638,843.6
0.29658,844.2
0.2968,843.8
0.29699,843.4
0.29721,844.7
0.29742,844.3
0.29764,844.3
0.29783,845.2
0.29804,844.1
0.29825,844.7
0.29846,843.7
0.29869,844.1
0.29889,843
0.29911,842.9
0.29932,843.9
0.29953,843.8
0.29975,844
0.29997,843
0.30019,843.5
0.30041,843.7
0.30063,843.7
0.30085,844.2
0.30106,843.2
0.3013,844
0.30152,843.8
0.30174,842.9
0.30197,842.6
0.30219,842.8
0.30242,843.4
0.30266,844
0.3029,844.4
0.30313,843.7
0.30337,843.2
0.30361,842.5
0.30384,842.9
0.30408,843.2
0.30432,842.3
0.30456,842.2
0.3048,842.5
0.30503,843.1
0.30526,842.1
0.30551,841.7
0.30573,842.1
0.30598,842.3
0.30622,843
0.30646,843.6
0.30671,841.5
0.30695,842.7
0.30719,843.2
0.30743,842.8
0.30765,842.6
0.3079,841.6
0.30815,842.1
0.30838,842.4
0.30866,841.5
0.3089,842.7
0.30915,842.5
0.30941,842.5
0.30964,843.9
0.30989,842.2
0.31014,842.4
0.31041,842.6
0.31063,842.4
0.31089,841.9
0.31114,842.7
0.31138,842.4
0.31164,842.6
0.31188,841.7
0.31213,841.4
0.31238,842.4
0.3126,841.7
0.31286,842.4
0.31309,841.6
0.31333,842
0.31358,842.1
0.31385,842.1
0.31408,841.7
0.31434,841.3
0.31458,841.4
0.31482,842.4
0.31506,841.1
0.31532,842
0.31555,842.2
0.31579,840.7
0.31605,841.4
0.31629,841.8
0.31654,840.9
0.31677,841.7
0.31704,841.5
0.31727,842.2
0.31753,841.9
0.31776,841.8
0.31802,841.8
0.31827,841.7
0.31852,842.2
0.31875,841.4
0.319,841.7
0.31924,840.8
0.31951,841.3
0.31974,841.3
0.31998,841.4
0.32023,841.3
0.32049,842.2
0.32073,842.7
0.32098,841.8
0.32124,842.5
0.32147,840.9
0.32172,841
0.32197,841.2
0.32222,843.7
0.32248,841.5
0.32271,841.9
0.32296,843.3
0.32319,842
0.32342,841.9
0.32368,841.8
0.32391,840.9
0.32418,842.1
0.32441,842.1
0.32466,842.5
0.3249,842.4
0.32517,841.8
0.3254,842
0.32565,841.4
0.32591,842.1
0.32618,842.1
0.32642,842.1
0.32668,843.5
0.32694,841.5
0.3272,842.8
0.32747,842.4
0.32773,842.6
0.32799,842.8
0.32823,841.3
0.32847,842.6
0.32869,842.3
0.32889,842.8
0.32906,843.9
0.32921,842.5
0.32934,842.8
0.32949,842.2
0.32959,844.1
0.32967,843.4
0.32977,843.4
0.32986,843.7
0.32997,843.1
0.33007,842.3
0.33018,843.8
0.33026,844.2
0.33037,844.4
0.33045,844.6
0.33052,843.8
0.33061,843.8
0.33067,844
0.33075,844.8
0.33083,844.2
0.33089,845.1
0.33093,844.8
0.33098,844.2
0.33102,846.2
0.33106,844.8
0.33109,845.8
0.33112,845.8
0.33114,846.3
0.33115,848.2
0.3312,849.3
0.33124,848.3
0.33129,849.3
0.33138,848.9
0.33149,847.9
0.33163,846.5
0.3318,847.5
0.33197,846.9
0.33217,846.6
0.33237,845
0.3326,846.4
0.33281,845.3
0.33303,845.7
0.33325,845.4
0.33348,844.9
0.33371,844.9
0.33395,844.7
0.33419,844.7
0.33443,844.5
0.33467,845.2
0.33492,844.4
0.33517,844.7
0.33541,844.5
0.33566,844.2
0.33591,843.9
0.33616,844.9
0.33642,844.7
0.33667,844
0.33689,845.1
0.33714,844.4
0.33738,845.5
0.33764,844.5
0.33789,844.8
0.33814,844.4
0.33839,844.7
0.33863,844.6
0.33888,843
0.33911,844.1
0.33938,844
0.33961,843.5
0.33987,843.7
0.34011,843.5
0.34038,844.6
0.3406,844
0.34086,844
0.34111,843.2
0.34136,844.3
0.34159,843.9
0.34184,844.6
0.3421,844.3
0.34234,843.4
0.34257,844.3
0.34285,843.7
0.34309,843.5
0.34334,844
0.34359,843.6
0.34385,845.4
0.34408,844.9
0.34434,844.4
0.34457,846.1
0.34483,844.3
0.34509,844.4
0.34534,843.7
0.34557,844.1
0.34583,845
0.34608,844.1
0.34632,844.4
0.34654,844.3
0.3468,844.3
0.34706,845.1
0.34732,845.1
0.34756,844.7
0.34779,845
0.34804,844.7
0.3483,845.4
0.34855,844.5
0.34879,845
0.34904,845.5
0.34928,845.6
0.34951,844.5
0.34978,844.8
0.35004,845.7
0.35028,845
0.35052,845.3
0.35078,844.5
0.35101,844.4
0.35124,844.7
0.3515,844.9
0.35174,845.1
0.35199,845.8
0.35223,845.6
0.35247,845.3
0.35271,846.1
0.35296,845.3
0.35323,845.8
0.35347,845.9
0.35371,844.9
0.35398,844.8
0.35425,845.6
0.35447,845.9
0.35475,846
0.35498,845.5
0.35525,846.3
0.35548,844.5
0.35574,845.1
0.35599,845.9
0.35623,845.7
0.35649,845.1
0.35673,845.5
0.35699,845.2
0.35723,845.4
0.35749,846.1
0.35773,845.4
0.35796,844.8
0.35821,845.5
0.35845,846
0.3587,845.8
0.35895,845
0.3592,845.4
0.35944,845.5
0.3597,845.5
0.35993,845.7
0.36019,844.9
0.36042,845.9
0.36069,846.1
0.36093,845.1
0.36118,844.7
0.36142,845
0.36168,845.5
0.36192,845.7
0.36217,846.2
0.36242,846.6
0.36266,845.5
0.36293,845.9
0.36316,845.7
0.36342,845.2
0.36364,844.4
0.36391,846.9
0.36414,845.2
0.36439,846.3
0.36463,846.6
0.36489,845.4
0.36512,845.4
0.36538,846.3
0.36562,845.9
0.36589,845.7
0.36611,846.3
0.36637,845.5
0.36659,846.8
0.36683,845.1
0.36707,845.8
0.36732,844.8
0.36755,846.2
0.3678,846.7
0.36805,845.3
0.36829,845.9
0.36854,845.6
0.36879,846.1
0.36903,846.2
0.36926,846.1
0.36953,846
0.36978,845.5
0.37002,845
0.37026,845.5
0.37051,846.9
0.37074,845.9
0.37098,846
0.37123,847
0.37146,846.7
0.37172,846.6
0.37196,846.3
0.37221,846
0.37246,846.5
0.37266,846.3
0.37289,846
0.37311,846.7
0.3733,846.9
0.37349,846.3
0.37368,845.6
0.37387,846.4
0.37402,845.5
0.37416,846.4
0.37432,846.6
0.37447,845.4
0.37462,846.8
0.37475,847
0.3749,846.5
0.37503,846.9
0.37515,846.5
0.37527,846.8
0.37541,847.7
0.37553,848.2
0.37565,848.2
0.37579,847.5
0.37591,848.7
0.37603,846.9
0.37614,847.8
0.37628,849.3
0.37639,848.2
0.3765,849.1
0.37661,848.1
0.37674,849.2
0.37689,848.7
0.37703,848.3
0.37719,848
0.37734,848.7
0.37755,848.4
0.37775,847.9
0.37796,847.7
0.37816,847.4
0.37841,847.9
0.37863,847.7
0.37885,847.3
0.37909,847.2
0.37934,846.7
0.37957,846.6
0.37982,846.9
0.38006,846.7
0.38029,846.4
0.38053,846.9
0.38078,847.4
0.38104,846.2
0.38129,847.2
0.38153,847
0.38177,846.8
0.382,846.2
0.38225,847.2
0.38251,847
0.38273,846.3
0.38297,847
0.38322,846.5
0.38345,845.4
0.3837,845.9
0.38395,845.9
0.38421,846.3
0.38446,846.1
0.3847,846.8
0.38493,846.3
0.3852,846.9
0.38546,846.7
0.38568,847
0.38594,845.9
0.3862,845.7
0.38642,846.3
0.38666,846.4
0.38693,846.1
0.38717,845.9
0.38742,847.4
0.38765,846.9
0.3879,845.7
0.38814,846.3
0.38839,845.6
0.38864,844.4
0.38889,845.9
0.38914,846.4
0.3894,844.8
0.38964,847
0.38986,844.7
0.39013,845.7
0.39037,846.5
0.39061,846.1
0.39085,845.4
0.3911,846.2
0.39136,846.1
0.39158,845.2
0.39183,846
0.39208,845.5
0.39234,845.3
0.39258,846.3
0.39282,845
0.39308,845.9
0.39333,844.9
0.39355,845.3
0.39378,845
0.39404,845.6
0.3943,845
0.39453,844.5
0.39477,845
0.39505,844.2
0.39527,844.9
0.39553,844.8
0.39576,845.7
0.396,845
0.39623,845.9
0.3965,845.7
0.39674,845
0.39696,846.1
0.39721,846.4
0.39746,845.7
0.3977,845.4
0.39792,846.1
0.39818,845.6
0.39843,846.4
0.39867,845.6
0.39893,847
0.39918,845.7
0.39942,845.2
0.39966,845.3
0.39991,844.6
0.40016,844.8
0.40041,845.6
0.40065,846
0.40089,844.3
0.40114,845.5
0.4014,845.5
0.40166,845
0.40189,845.1
0.40216,845.2
0.40239,843.8
0.40264,845.2
0.4029,845.8
0.40314,846.5
0.40339,845.8
0.40363,845.8
0.40388,845.8
0.40413,845.1
0.40436,845.5
0.4046,846.8
0.40485,846
0.40511,846
0.40537,846.2
0.40561,845.2
0.40584,845.2
0.4061,845.2
0.40634,845.2
0.40659,845.9
0.40685,846.4
0.40711,846.1
0.40735,845.9
0.40761,847
0.40784,845.9
0.40811,846.4
0.40836,845.1
0.4086,845.4
0.40887,845.7
0.40912,846.9
0.40935,846
0.40959,846.2
0.40985,845.1
0.41009,846.2
0.41033,846.3
0.41058,846
0.41082,846.7
0.41106,845.2
0.41133,846
0.41158,845.7
0.4118,844.6
0.41206,845.4
0.41229,845.6
0.41253,845.2
0.41277,845.8
0.41302,846.2
0.41327,846.5
0.4135,845.7
0.41374,845.3
0.41398,846.8
0.41424,846.5
0.41449,845.3
0.41472,845.6
0.41496,844.5
0.41521,846.4
0.41547,846.3
0.41571,846.1
0.41597,845
0.4162,845.4
0.41645,846.1
0.4167,845.2
0.41693,845.5
0.41717,845.3
0.4174,844.8
0.41765,845.9
0.41792,844.7
0.41817,845
0.41841,846.5
0.41864,846.7
0.41889,845.8
0.41913,845.5
0.4194,846.7
0.41964,845.6
0.41986,846.7
0.42012,846.7
0.42035,846.1
0.42059,846.3
0.42085,846.6
0.42109,846.2
0.42133,845
0.42158,846
0.42182,845.3
0.42208,845.7
0.42234,845.4
0.42257,846.6
0.42282,847
0.42305,846.8
0.42332,846.6
0.42356,846.2
0.42381,846.5
0.42407,846.5
0.42431,846.3
0.42457,846.5
0.42482,847
0.42509,846.1
0.42534,846.9
0.42556,847
0.42583,846.2
0.42607,846.8
0.4263,847.5
0.42653,846.5
0.42676,847.4
0.42698,846.6
0.42717,847.8
0.42736,847.5
0.42756,847.6
0.42773,847.3
0.42792,846.8
0.4281,848.1
0.42826,847.1
0.42844,848.3
0.42861,847.3
0.4287,847.9
0.42884,847.6
0.42899,847.2
0.42913,848.4
0.42929,847.7
0.42943,847.9
0.4296,848.7
0.42975,847.9
0.42991,848.6
0.43007,848.4
0.43024,847.3
0.43041,848.4
0.43061,847.5
0.43081,848
0.43101,847.2
0.43123,847.4
0.43145,847.6
0.43165,846.9
0.4319,847.7
0.43213,846.1
0.43236,846.1
0.43261,845.9
0.43285,844.8
0.4331,845.7
0.43333,845.5
0.43358,846.2
0.43381,845.4
0.43403,845.5
0.43431,844.4
0.43454,845.8
0.43479,845.7
0.43504,844.7
0.43527,844.3
0.43552,845.4
0.43578,845.3
0.43602,845.3
0.43627,845.3
0.4365,844.7
0.43676,844.9
0.437,844.8
0.43726,843.5
0.4375,844.5
0.43776,844.6
0.43799,845.8
0.43824,844.7
0.43848,845.1
0.43873,844.7
0.43899,845.2
0.43924,844.6
0.43948,844.1
0.43972,844.8
0.43996,845.4
0.4402,843.8
0.44045,845.3
0.44069,844.5
0.44094,845.3
0.44118,844.8
0.44143,843.9
0.44167,845.3
0.4419,844.7
0.44214,844.2
0.4424,844.3
0.44264,845.4
0.44288,845.3
0.44313,845.2
0.44336,845.1
0.44361,844.6
0.44389,844.3
0.44412,843.5
0.44436,844.1
0.44462,844.6
0.44486,843.9
0.44509,845
0.44534,845.4
0.44559,843.9
0.44583,844.5
0.44609,843.9
0.44633,844.8
0.44657,844.7
0.44681,844.7
0.44706,844.3
0.4473,845.1
0.44758,843.4
0.44779,845.5
0.44805,844.4
0.4483,845.1
0.44855,844.9
0.44878,845.5
0.44902,844.2
0.44928,844.3
0.44952,844.8
0.44975,843.9
0.45,845.2
0.45025,844.5
0.4505,844.2
0.45073,844.8
0.45099,844.5
0.45125,845
0.45147,844.6
0.45174,844.7
0.45198,844.5
0.45221,844.5
0.45246,844
0.45271,845.1
0.45295,845.3
0.45321,844.4
0.45344,845
0.45368,844.8
0.45393,844.4
0.45418,844.5
0.45442,844.6
0.45469,844.8
0.45493,844
0.45518,844.5
0.45541,844
0.45568,845.1
0.45592,844.2
0.45616,844.5
0.45642,844.5
0.45665,844.9
0.45691,845.1
0.45716,843.9
0.4574,844.5
0.45764,844.1
0.45789,844.5
0.45815,844.1
0.45839,843.8
0.45863,844.5
0.45888,843.7
0.4591,843.9
0.45935,843.8
0.45958,843.9
0.45983,843
0.46007,844.1
0.46032,845.1
0.46056,843.8
0.46082,843.8
0.46108,844
0.46133,843.9
0.46157,842.8
0.46182,843.5
0.46206,843.9
0.46232,843.8
0.46256,844.2
0.46281,844.1
0.46305,842.8
0.46332,843.1
0.46357,843.5
0.46382,843.1
0.46405,843.7
0.46431,842.9
0.46454,843.6
0.46478,842.6
0.465,843
0.46526,842.1
0.46551,843.4
0.46573,842.7
0.46598,842.4
0.46624,842
0.4665,842.5
0.46673,842.2
0.46697,841.8
0.46724,840.9
0.46749,841.4
0.46773,841.3
0.46797,841.9
0.46822,842.6
0.46848,840.7
0.46873,841.3
0.46898,841.8
0.46922,841.9
0.46946,842.5
0.46972,842
0.46996,840.8
0.47021,840.8
0.47047,839.9
0.47072,840.8
0.47096,841
0.47121,840.5
0.47145,840.9
0.47171,841.1
0.47196,840.4
0.47221,839.8
0.47246,840.2
0.47272,840.1
0.47296,840
0.47321,839.3
0.47345,840.6
0.47369,840.2
0.47396,839.8
0.47419,839.8
0.47443,838.8
0.47468,840.6
0.47493,840.9
0.47518,839.7
0.47542,838.6
0.47565,840.1
0.47591,839.2
0.47616,839.4
0.47642,839.3
0.47666,838.9
0.47691,838.9
0.47715,839.1
0.47741,838.3
0.47766,838.7
0.47791,838.9
0.47815,839.1
0.47839,838.7
0.47864,838.4
0.47888,839.5
0.47912,839
0.47936,837.6
0.47962,837.9
0.47988,837.7
0.48013,837.7
0.48036,837.2
0.48059,836.8
0.48084,836.8
0.48108,837.2
0.48133,837.4
0.4816,837.4
0.48182,837.5
0.48208,836.6
0.48232,836.5
0.48257,837
0.48283,837.1
0.48306,836.5
0.48332,836
0.48357,836
0.48381,836.3
0.48407,836.4
0.48428,837.1
0.48456,835.5
0.4848,836.1
0.48504,835.9
0.48529,834.8
0.48554,835.8
0.4858,835.7
0.48605,835
0.4863,835.2
0.48656,835.6
0.4868,836
0.48705,835.3
0.4873,834.7
0.48753,834.2
0.48778,834
0.48804,833.5
0.48827,833.3
0.48851,834.6
0.48876,834
0.48901,834.2
0.48926,834
0.48952,833.3
0.48976,833.7
0.49001,833.8
0.49026,833
0.4905,833.7
0.49075,832.4
0.49099,833
0.49124,832.3
0.49149,832.4
0.49175,832.8
0.49202,832.5
0.49226,831.4
0.49249,832
0.49273,832.6
0.49299,831.2
0.49321,832.2
0.49346,831.7
0.49373,832.4
0.49396,832
0.49422,830.8
0.49445,830.3
0.4947,831
0.49494,830.8
0.49517,830.4
0.49542,830.5
0.49567,830
0.49591,830.7
0.49615,830
0.49642,829.7
0.49665,829.9
0.49691,829.1
0.49718,829.7
0.49741,828.2
0.49769,829.2
0.49792,829
0.49815,828.9
0.49843,828.7
0.49866,829.1
0.4989,828.6
0.49916,827.4
0.49941,827.9
0.49967,827
0.49989,828
0.50014,828.3
0.50039,826.7
0.50064,827.4
0.50089,826.1
0.50114,825.8
0.50139,826.9
0.50163,826
0.50187,826.2
0.50212,825.8
0.50237,825.6
0.50264,825
0.50286,824.6
0.50315,824.3
0.50337,825.4
0.50364,824.4
0.50389,824.3
0.50413,823.9
0.50438,823.2
0.50464,823.8
0.50487,824.4
0.50513,823.2
0.50537,823.7
0.50562,824.1
0.50587,822.8
0.50613,823.3
0.50638,822
0.50664,822.6
0.5069,822.3
0.50711,821.9
0.50739,822
0.50763,820.9
0.50788,821.5
0.50815,821.1
0.50839,820.8
0.50862,820.9
0.50887,820
0.50912,819.7
0.50938,818.8
0.50963,819.3
0.50989,819
0.51014,818.1
0.51037,818
0.51062,818.5
0.51086,818.5
0.51112,818.5
0.51138,817.6
0.51163,817.9
0.51188,817.7
0.51212,817.1
0.51239,817.1
0.51265,817.4
0.5129,817.1
0.51314,816.4
0.5134,815.6
0.51365,816.2
0.51389,816.2
0.51416,815.3
0.51441,814.3
0.51467,813.4
0.51491,814.2
0.51515,814.6
0.51541,813
0.51566,812.7
0.51591,812.4
0.51616,812.6
0.51639,813
0.51665,812.4
0.51689,812.1
0.51712,812
0.51739,812
0.51763,811.8
0.51788,810.5
0.51815,811.4
0.51839,811.1
0.51864,810
0.51889,808.6
0.51916,810.1
0.51938,809.2
0.51963,808.4
0.51989,808.8
0.52015,808
0.5204,807.9
0.52065,807.5
0.5209,807.3
0.52115,807.8
0.52139,807
0.52165,806.3
0.52189,805.7
0.52215,805.5
0.52238,804.3
0.52265,804.5
0.52288,804.3
0.52314,804.4
0.52339,803.4
0.52365,804.6
0.52389,803
0.52414,802.7
0.5244,802.9
0.52464,802.1
0.52489,802.2
0.52514,801.5
0.52541,801.2
0.52566,801.2
0.5259,799.5
0.52616,799.4
0.52642,799.5
0.52667,799.5
0.52693,797.9
0.52717,798.3
0.52741,797.7
0.52766,798
0.52792,796.9
0.52817,797
0.52843,796.2
0.52866,796.2
0.52893,796.1
0.52916,794.9
0.52944,794.7
0.52967,794.2
0.52992,793.9
0.53018,793.9
0.53042,794.3
0.53067,792.9
0.53091,793
0.53117,791.4
0.53144,791.6
0.53168,791.2
0.53192,790.3
0.53218,790.7
0.53242,790.6
0.53269,789.1
0.53294,789.3
0.53319,788.7
0.53344,788.6
0.53368,788.6
0.53392,787.1
0.53419,787.6
0.53445,787.1
0.53468,786.3
0.53493,786.1
0.53518,785.9
0.53545,785.3
0.53569,784
0.53591,783.2
0.53615,783.5
0.53635,783.3
0.53659,782.3
0.53678,782.3
0.53698,782.5
0.53718,781.7
0.53737,781.5
0.53754,780.4
0.53772,780.4
0.53789,779.7
0.53807,778.7
0.53823,778.9
0.53837,779
0.53854,778.8
0.53871,777.4
0.53887,778.7
0.539,777.1
0.53915,776.9
0.5393,776.7
0.53946,776.2
0.53961,776.8
0.53976,776.3
0.53989,776.2
0.54006,775.1
0.54022,774.9
0.54036,775.1
0.54053,774.5
0.54069,774.1
0.54084,773
0.541,772.6
0.54115,773.4
0.5413,772.5
0.54145,773.1
0.54162,773.4
0.54176,772
0.5419,772.1
0.54206,771.8
0.5422,771.3
0.54237,769.8
0.54252,770
0.54269,769.5
0.54281,769.6
0.54299,768
0.5431,768.1
0.54326,768.3
0.54341,767.7
0.54358,766.8
0.54374,766.8
0.54387,767.7
0.54404,766.7
0.54418,766.6
0.54432,766.4
0.54448,765.1
0.54461,765.4
0.54476,765.2
0.54491,765.2
0.54507,763.3
0.54521,763.7
0.54536,763.1
0.54551,764
0.54566,763.2
0.54582,762.3
0.54596,762.7
0.54611,761.8
0.54627,761.8
0.54641,760.6
0.54657,760.7
0.54672,760.2
0.54687,760.5
0.54702,758.4
0.54718,759
0.54731,758.4
0.54746,758.4
0.54762,758.1
0.54776,757.1
0.5479,758
0.54806,756.8
0.54821,757.3
0.54837,755.5
0.5485,755.8
0.54866,755.9
0.54881,755.3
0.54895,754.5
0.54911,754.1
0.54926,754
0.54942,753.2
0.54955,753.2
0.54972,752.6
0.54987,753.2
0.55002,752
0.55017,751.6
0.55032,751.6
0.55049,751.3
0.55062,751.9
0.55076,750.4
0.55093,749.7
0.55108,748.5
0.55123,749.5
0.55136,748.7
0.55152,747.1
0.55166,748.1
0.55181,747.3
0.55197,747.8
0.55212,746.8
0.55228,745.8
0.55242,746
0.55257,746
0.55272,745.3
0.55288,744.6
0.55303,744.3
0.55318,743.9
0.55331,743.6
0.55348,742.6
0.55363,742.8
0.55379,742.4
0.55393,741.9
0.55407,741.5
0.55424,740.9
0.55439,739.9
0.55454,740.1
0.55468,738.6
0.55485,738.7
0.55499,739.6
0.55516,738.1
0.55532,737.3
0.55547,737.3
0.55563,736.4
0.55577,736.5
0.55594,736.3
0.55607,736.1
0.55622,735.1
0.55635,734.1
0.55653,733.7
0.55667,733.5
0.55681,733.5
0.55698,732.5
0.55713,732.8
0.55729,732.3
0.55744,731.3
0.55758,731.6
0.55774,730.8
0.5579,730.6
0.55805,729.4
0.55821,729.3
0.55836,728.2
0.55849,728.7
0.55865,727.7
0.55881,727.9
0.55895,727.9
0.55911,727.3
0.55927,725.8
0.55941,724.5
0.55956,725.8
0.55971,724.9
0.55986,724.1
0.56001,723.2
0.56016,721.7
0.56032,723
0.56045,722.9
0.56061,721.3
0.56075,721.2
0.56091,720.5
0.56108,719.5
0.56123,719.5
0.56136,718.8
0.56151,717.6
0.56168,718.2
0.56181,717.5
0.56199,717.3
0.56213,716.4
0.56228,716.1
0.56242,715.6
0.56256,715
0.56272,714.7
0.5629,714.2
0.56305,713.7
0.56319,713.2
0.56335,712.6
0.56352,711.7
0.56369,710.5
0.56384,710.4
0.564,709.2
0.56415,709.1
0.5643,709.1
0.56445,707.8
0.56461,707.2
0.56476,706.6
0.5649,706.8
0.56507,705.4
0.56524,705.2
0.56538,704.7
0.56553,703.7
0.56569,703.4
0.56585,703.9
0.56599,702.4
0.56614,701.1
0.56629,700.2
0.56644,700.4
0.5666,699.8
0.56674,698.5
0.56691,699
0.56707,697.7
0.56722,697.5
0.56736,696.3
0.56751,695.6
0.56768,695.8
0.56783,694
0.56801,695.1
0.56814,693.9
0.56829,694.7
0.56845,692.4
0.56859,692.4
0.56875,692.1
0.56889,691.4
0.56907,690.6
0.56921,690.1
0.56937,688.8
0.56951,688
0.56966,687.3
0.56983,687.5
0.56997,686.5
0.5701,686.3
0.57027,684.2
0.57043,685.1
0.57057,683.6
0.57073,682.7
0.57088,682.3
0.57103,681.2
0.57121,681.5
0.57136,680.5
0.57152,679.8
0.57168,679.7
0.57182,679.2
0.57197,678.1
0.57213,676.5
0.57229,677
0.57245,675.7
0.5726,673.9
0.57275,674.4
0.57291,672.7
0.57308,672
0.57324,671.8
0.57339,671.8
0.57353,670.8
0.5737,669.8
0.57385,669.4
0.574,667
0.57417,667.6
0.57431,666
0.57447,665.8
0.57464,664.9
0.57477,664
0.57493,663.9
0.5751,662
0.57525,662.2
0.57543,661.3
0.57559,661
0.57573,659.8
0.57588,658.7
0.57604,658.1
0.57619,657.7
0.57634,656
0.5765,655
0.57665,654.7
0.57681,652.9
0.57697,653.1
0.57711,652.3
0.57728,652.2
0.57744,650.4
0.57761,649.1
0.57777,648.2
0.57791,647
0.57808,645.8
0.57825,645.7
0.5784,645.1
0.57856,644.1
0.57873,642.9
0.5789,642.2
0.57905,640.6
0.57922,639
0.57937,639.6
0.57953,637.6
0.57968,637.3
0.57983,636.4
0.57997,634.9
0.58012,633.9
0.58028,632.8
0.58045,632.7
0.58059,632.2
0.58076,630.2
0.58094,629.7
0.58108,627.6
0.58125,627.2
0.58141,626.4
0.58158,624.9
0.58176,623.3
0.58191,622.6
0.58208,621.8
0.58224,620
0.58239,618.4
0.58256,617.8
0.58272,616.8
0.58288,616.8
0.58305,614.2
0.58321,612.7
0.58337,612.1
0.58353,611
0.58368,610.8
0.58385,608.9
0.584,607.7
0.58416,606.7
0.58435,605
0.58451,603.2
0.58467,602.3
0.58486,600.2
0.58502,600.2
0.58519,597.8
0.58535,596.5
0.58552,594.9
0.5857,594.5
0.58586,591.6
0.58603,590.1
0.5862,589.1
0.58637,587.1
0.58654,585.4
0.58671,583.7
0.58688,581.8
0.58706,580.3
0.58724,577.4
0.58742,574.7
0.58769,566.2
0.58814,547.2
0.59019,455.1
0.59164,398.7
0.5924,379.7
0.59324,360.2
0.59411,341.6
0.59496,324.6
0.59572,309
0.59628,299.4
0.59679,290.7
0.59732,280.8
0.59788,272
0.59849,262.5
0.59903,253.4
0.59954,244.9
0.60001,238
0.60044,231.1
0.60075,226.1
0.60108,221
0.60143,216.1
0.60177,210.6
0.60208,207.2
0.60249,199.2
0.60291,194.9
0.60328,189.6
0.60367,184.1
0.60407,178.5
0.60445,172
0.60484,166.2
0.60524,159.9
0.60565,153.8
0.606,148.7
0.60631,144.3
0.6066,140.7
0.60687,138.7
0.60713,136.4
0.60738,133.2
0.60765,130.2
0.60793,126.4
0.60824,123.2
0.60851,119.2
0.60879,116.7
0.60904,115
0.60931,111.1
0.60959,108.4
0.60986,105.2
0.61012,102.9
0.61036,100.1
0.61059,98.5
0.61083,96.6
0.61107,93.4
0.61131,91.1
0.61153,88.2
0.61179,86.2
0.61203,83.8
0.61229,81.2
0.61253,78.5
0.61277,76.9
0.61303,72.6
0.61332,69.9
0.61358,67.3
0.61388,63.4
0.61415,60.4
0.61447,57.1
0.61481,52.6
0.61515,48
0.6155,43.5
0.61588,37.1
0.61625,34
0.61655,32.4
0.61683,29.3
0.61713,26.3
0.61739,23.5
0.61762,23
0.61786,21.4
0.61807,19.7
0.61829,19.3
0.61852,17.9
0.61875,16.7
0.61898,14.7
0.6193,13.1
0.61955,12
0.61974,12.4
0.61994,10.1
0.62013,9.8
0.62034,9.3
0.62056,7.8
0.62162,3.6
0.62205,2.5
0.62225,1.2
0.62238,1.4
0.62252,2.5
0.6227,0.2
0.62288,0.8
0.62304,0.2
0.6232,-0.4
0.62336,-0.5
0.62353,-1
0.62366,-1.1
0.62382,-0.5
0.62395,-0.7
0.62421,-0.6
0.62435,-0.8
0.62446,-0.8
0.6246,-0.7
0.62472,-1.4
0.62485,-0.9
0.625,-1
0.6252,-26.2
0.62523,-2
0.62525,-1
0.62526,-0.6
0.6253,0.2
0.62531,-1.2
0.62531,-1
0.62531,-1.6
0.62532,-1.1
0.62533,-1.5
0.62532,-1.3
0.62532,-0.9
0.62533,-0.4
0.62534,-0.9
0.62534,-0.4
0.62535,-0.9
0.62535,-1.6
0.62536,-1.7
0.62536,-1.1
0.62537,-0.7
0.62537,-1.5
0.62537,-1.1
0.62539,-0.8
0.62538,-1.4
0.62538,-1.3
0.62537,-1.5
0.62538,-1.4
0.62537,-0.4
0.62539,-0.3
0.62538,0
0.62539,-0.8
0.6254,-0.5
0.6254,-1.3
0.6254,-0.8
0.6254,-0.4
0.6254,-1.3
0.62539,-0.7
0.62542,-1.6
0.6254,-0.7
